parcel_id,source,country,area_ha,lon,lat,items,acquisitions,duplicates,duplicate_pct,no_uri,baseline_pairs,cloud_gap_max,cloud_gap_mean,cloud_gap_ratio_max,sensing_gap_ms_min,error
co-magdalena-demo,cielociego,colombia,255.4132,-74.18,10.75,148,146,2,1.3513513513513513,0,2,14.524491,8.063697,4.192607759522135,0.0,
ftw-austria-000,fields-of-the-world,austria,0.3188,13.455473031,48.42936598499999,290,287,3,1.0344827586206897,0,3,0.137817,0.05102566666666683,285.7458677685951,0.0,
ftw-austria-001,fields-of-the-world,austria,0.3212,13.459041805164182,48.429540652029864,290,287,3,1.0344827586206897,0,3,0.137817,0.05102566666666683,285.7458677685951,0.0,
ftw-austria-002,fields-of-the-world,austria,0.3556,13.385017050810813,48.31715402027026,289,287,2,0.6920415224913494,0,2,0.137817,0.07618950000000031,285.7458677685951,0.0,
ftw-austria-003,fields-of-the-world,austria,0.5117,13.383760122126752,48.31920317167606,289,287,2,0.6920415224913494,0,2,0.137817,0.07618950000000031,285.7458677685951,0.0,
ftw-austria-004,fields-of-the-world,austria,0.6679,13.383768585237405,48.318558136769774,289,287,2,0.6920415224913494,0,2,0.137817,0.07618950000000031,285.7458677685951,0.0,
ftw-austria-005,fields-of-the-world,austria,0.8216,13.49576793099419,48.28504986503558,289,287,2,0.6920415224913494,0,2,0.137817,0.07618950000000031,285.7458677685951,0.0,
ftw-austria-006,fields-of-the-world,austria,1.1202,13.49604534102985,48.282005294036004,289,287,2,0.6920415224913494,0,2,0.137817,0.07618950000000031,285.7458677685951,0.0,
ftw-austria-007,fields-of-the-world,austria,1.3041,13.498613963999999,48.279547310176476,289,287,2,0.6920415224913494,0,2,0.137817,0.07618950000000031,285.7458677685951,0.0,
ftw-austria-008,fields-of-the-world,austria,1.7455,13.454919200250009,48.4193928735,290,287,3,1.0344827586206897,0,3,0.137817,0.05102566666666683,285.7458677685951,0.0,
ftw-austria-009,fields-of-the-world,austria,2.0636,13.500586099000001,48.2822578113693,289,287,2,0.6920415224913494,0,2,0.137817,0.07618950000000031,285.7458677685951,0.0,
ftw-austria-010,fields-of-the-world,austria,2.4644,13.45808029519261,48.42683743563032,290,287,3,1.0344827586206897,0,3,0.137817,0.05102566666666683,285.7458677685951,0.0,
ftw-austria-011,fields-of-the-world,austria,3.4956,13.389873245202079,48.316124972579466,289,287,2,0.6920415224913494,0,2,0.137817,0.07618950000000031,285.7458677685951,0.0,
ftw-austria-012,fields-of-the-world,austria,5.5912,13.46065241017924,48.42018561311319,290,287,3,1.0344827586206897,0,3,0.137817,0.05102566666666683,285.7458677685951,0.0,
ftw-austria-013,fields-of-the-world,austria,6.1921,13.38964891408499,48.308512504871956,289,287,2,0.6920415224913494,0,2,0.137817,0.07618950000000031,285.7458677685951,0.0,
ftw-austria-014,fields-of-the-world,austria,7.0016,13.384504939571045,48.31062740209958,289,287,2,0.6920415224913494,0,2,0.137817,0.07618950000000031,285.7458677685951,0.0,
ftw-austria-015,fields-of-the-world,austria,7.0231,13.391609558388291,48.31155000002151,289,287,2,0.6920415224913494,0,2,0.137817,0.07618950000000031,285.7458677685951,0.0,
ftw-austria-016,fields-of-the-world,austria,7.414,13.388281923867172,48.31702919076088,289,287,2,0.6920415224913494,0,2,0.137817,0.07618950000000031,285.7458677685951,0.0,
ftw-austria-017,fields-of-the-world,austria,9.0062,13.49848718595466,48.28419699922435,289,287,2,0.6920415224913494,0,2,0.137817,0.07618950000000031,285.7458677685951,0.0,
ftw-belgium-000,fields-of-the-world,belgium,0.2005,3.4712645720561786,51.10958409000596,306,301,5,1.6339869281045751,0,5,40.419727,12.835527399999998,2.2998710121757444,5844.0,
ftw-belgium-001,fields-of-the-world,belgium,0.3136,3.2154687782608704,51.02816636308695,301,301,0,0.0,0,0,,,,,
ftw-belgium-002,fields-of-the-world,belgium,0.415,3.296208366,50.866637184,301,301,0,0.0,0,0,,,,,
ftw-belgium-003,fields-of-the-world,belgium,0.51,3.3047487673199996,51.14236411283999,306,301,5,1.6339869281045751,0,5,40.419727,12.835527399999998,2.2998710121757444,5844.0,
ftw-belgium-004,fields-of-the-world,belgium,0.6277,3.248684765413045,50.98120068345652,301,301,0,0.0,0,0,,,,,
ftw-belgium-005,fields-of-the-world,belgium,0.8245,3.126884013000002,51.172050599999984,608,602,6,0.9868421052631579,0,6,21.681917,11.978473499999998,1.6706577274576002,6655.0,
ftw-belgium-006,fields-of-the-world,belgium,1.0075,3.2484602782686225,50.986889346169306,301,301,0,0.0,0,0,,,,,
ftw-belgium-007,fields-of-the-world,belgium,1.2168,3.102398861359552,50.89493189679775,602,602,0,0.0,0,0,,,,,
ftw-belgium-008,fields-of-the-world,belgium,1.5301,3.469764962876288,51.10621410523411,306,301,5,1.6339869281045751,0,5,40.419727,12.835527399999998,2.2998710121757444,5844.0,
ftw-belgium-009,fields-of-the-world,belgium,2.018,3.220833460439193,51.021222109966224,301,301,0,0.0,0,0,,,,,
ftw-belgium-010,fields-of-the-world,belgium,2.0745,3.21729924068675,51.02815726442172,301,301,0,0.0,0,0,,,,,
ftw-belgium-011,fields-of-the-world,belgium,2.4651,3.2409637315405906,50.98841136318819,301,301,0,0.0,0,0,,,,,
ftw-belgium-012,fields-of-the-world,belgium,3.1189,3.1099105181044564,50.904372479515736,602,602,0,0.0,0,0,,,,,
ftw-belgium-013,fields-of-the-world,belgium,5.1042,3.164804520101423,51.06008750547329,301,301,0,0.0,0,0,,,,,
ftw-belgium-014,fields-of-the-world,belgium,5.3747,3.0825738698275136,51.2212118824931,612,602,10,1.6339869281045751,0,10,40.419727,11.605878299999999,2.2998710121757444,5844.0,
ftw-belgium-015,fields-of-the-world,belgium,6.2452,3.2170259737336204,51.017920007639695,301,301,0,0.0,0,0,,,,,
ftw-belgium-016,fields-of-the-world,belgium,6.8385,3.0814372249758666,51.21779415415387,612,602,10,1.6339869281045751,0,10,40.419727,11.605878299999999,2.2998710121757444,5844.0,
ftw-belgium-017,fields-of-the-world,belgium,7.1193,3.2185366865103733,51.02355315797923,301,301,0,0.0,0,0,,,,,
ftw-brazil-000,fields-of-the-world,brazil,17.1382,-45.99058743256718,-12.115313631278225,146,146,0,0.0,0,0,,,,,
ftw-cambodia-000,fields-of-the-world,cambodia,0.2004,104.09186129447373,13.303541461736847,296,292,4,1.3513513513513513,0,4,27.491075000000002,10.456465999999999,1.7155497668307371,0.0,
ftw-cambodia-001,fields-of-the-world,cambodia,0.2687,105.70592132099998,11.825970155999999,146,145,1,0.684931506849315,0,1,14.839095,14.839095,1.4453412602509765,1.0,
ftw-cambodia-002,fields-of-the-world,cambodia,0.3637,105.76901773301944,12.204017621912627,146,145,1,0.684931506849315,0,1,14.839095,14.839095,1.4453412602509765,1.0,
ftw-cambodia-003,fields-of-the-world,cambodia,0.5014,105.77202872856341,12.203599647676057,146,145,1,0.684931506849315,0,1,14.839095,14.839095,1.4453412602509765,1.0,
ftw-cambodia-004,fields-of-the-world,cambodia,0.6015,102.92109243205262,13.19639505394737,147,146,1,0.6802721088435374,0,1,0.00019000000000346517,0.00019000000000346517,1.0000045095493624,0.0,
ftw-cambodia-005,fields-of-the-world,cambodia,0.8054,102.92616045939305,13.199759686650655,147,146,1,0.6802721088435374,0,1,0.00019000000000346517,0.00019000000000346517,1.0000045095493624,0.0,
ftw-cambodia-006,fields-of-the-world,cambodia,1.0024,102.92581732064207,13.197549154263156,147,146,1,0.6802721088435374,0,1,0.00019000000000346517,0.00019000000000346517,1.0000045095493624,0.0,
ftw-cambodia-007,fields-of-the-world,cambodia,1.075,105.706029429,11.817699893999999,146,145,1,0.684931506849315,0,1,14.839095,14.839095,1.4453412602509765,1.0,
ftw-cambodia-008,fields-of-the-world,cambodia,1.25,105.76329536654235,12.197483450694918,146,145,1,0.684931506849315,0,1,14.839095,14.839095,1.4453412602509765,1.0,
ftw-cambodia-009,fields-of-the-world,cambodia,2.0197,105.76947546899994,12.204822766499994,146,145,1,0.684931506849315,0,1,14.839095,14.839095,1.4453412602509765,1.0,
ftw-cambodia-010,fields-of-the-world,cambodia,2.0685,105.28828288646271,11.732206856421683,294,290,4,1.3605442176870748,0,4,18.255985,14.2666445,1.8297283796290427,1.0,
ftw-cambodia-011,fields-of-the-world,cambodia,2.0727,105.76287275045824,12.199933577177173,146,145,1,0.684931506849315,0,1,14.839095,14.839095,1.4453412602509765,1.0,
ftw-cambodia-012,fields-of-the-world,cambodia,2.2475,102.92050212105633,13.199105567535216,147,146,1,0.6802721088435374,0,1,0.00019000000000346517,0.00019000000000346517,1.0000045095493624,0.0,
ftw-cambodia-013,fields-of-the-world,cambodia,2.3,105.29559245103825,11.724020239820437,294,290,4,1.3605442176870748,0,4,18.255985,14.2666445,1.8297283796290427,1.0,
ftw-cambodia-014,fields-of-the-world,cambodia,2.3214,105.29592718755174,11.726930819898772,294,290,4,1.3605442176870748,0,4,18.255985,14.2666445,1.8297283796290427,1.0,
ftw-cambodia-015,fields-of-the-world,cambodia,2.4224,105.77137438506125,12.195317539653066,146,145,1,0.684931506849315,0,1,14.839095,14.839095,1.4453412602509765,1.0,
ftw-cambodia-016,fields-of-the-world,cambodia,2.4233,102.9270329271509,13.200827905867929,147,146,1,0.6802721088435374,0,1,0.00019000000000346517,0.00019000000000346517,1.0000045095493624,0.0,
ftw-cambodia-017,fields-of-the-world,cambodia,2.9087,102.91752119863239,13.199290645048368,147,146,1,0.6802721088435374,0,1,0.00019000000000346517,0.00019000000000346517,1.0000045095493624,0.0,
ftw-corsica-000,fields-of-the-world,corsica,4.2764,9.401733985711866,42.00614626683049,305,299,6,1.9672131147540983,0,5,15.154499000000001,3.8837827999999988,1.5440507152145644,1.0,
ftw-croatia-000,fields-of-the-world,croatia,0.2002,16.610486993100004,46.143332910675,149,147,2,1.342281879194631,0,2,0.095524,0.047762,1.698305481234557,0.0,
ftw-croatia-001,fields-of-the-world,croatia,0.2884,16.737050164617393,46.042001353173916,148,147,1,0.6756756756756757,0,1,0.095524,0.095524,1.698305481234557,0.0,
ftw-croatia-002,fields-of-the-world,croatia,0.3787,16.735725105437087,46.03677688543709,296,294,2,0.6756756756756757,0,2,0.30699599999999994,0.20125999999999997,1.698305481234557,0.0,
ftw-croatia-003,fields-of-the-world,croatia,0.5006,16.607661590519996,46.14153629085,149,147,2,1.342281879194631,0,2,0.095524,0.047762,1.698305481234557,0.0,
ftw-croatia-004,fields-of-the-world,croatia,0.6172,16.677168775235295,45.87290051068419,148,147,1,0.6756756756756757,0,1,0.30699599999999994,0.30699599999999994,1.3358032145646423,0.0,
ftw-croatia-005,fields-of-the-world,croatia,0.7589,16.658102599752475,46.10624994222772,148,147,1,0.6756756756756757,0,1,0.095524,0.095524,1.698305481234557,0.0,
ftw-croatia-006,fields-of-the-world,croatia,1.0087,16.609298147129024,46.14458164693548,149,147,2,1.342281879194631,0,2,0.095524,0.047762,1.698305481234557,0.0,
ftw-croatia-007,fields-of-the-world,croatia,1.1969,16.68195302505772,45.87400101417744,148,147,1,0.6756756756756757,0,1,0.30699599999999994,0.30699599999999994,1.3358032145646423,0.0,
ftw-croatia-008,fields-of-the-world,croatia,1.5004,16.656270564155253,46.10582931712688,148,147,1,0.6756756756756757,0,1,0.095524,0.095524,1.698305481234557,0.0,
ftw-croatia-009,fields-of-the-world,croatia,2.0235,16.657922575849014,46.1161817403416,149,147,2,1.342281879194631,0,2,0.095524,0.047762,1.698305481234557,0.0,
ftw-croatia-010,fields-of-the-world,croatia,2.0616,16.682489342877656,45.87124575851998,148,147,1,0.6756756756756757,0,1,0.30699599999999994,0.30699599999999994,1.3358032145646423,0.0,
ftw-croatia-011,fields-of-the-world,croatia,2.2679,16.741091685902635,46.01897516809509,296,294,2,0.6756756756756757,0,2,0.30699599999999994,0.20125999999999997,1.698305481234557,0.0,
ftw-croatia-012,fields-of-the-world,croatia,2.4306,16.61186898019463,46.13972698350461,149,147,2,1.342281879194631,0,2,0.095524,0.047762,1.698305481234557,0.0,
ftw-croatia-013,fields-of-the-world,croatia,2.5312,16.67955452574363,45.8771643626446,148,147,1,0.6756756756756757,0,1,0.30699599999999994,0.30699599999999994,1.3358032145646423,0.0,
ftw-croatia-014,fields-of-the-world,croatia,5.0056,16.74017355988419,46.01093626904207,296,294,2,0.6756756756756757,0,2,0.30699599999999994,0.20125999999999997,1.698305481234557,0.0,
ftw-croatia-015,fields-of-the-world,croatia,6.2995,16.598496196865284,45.97346043405698,296,294,2,0.6756756756756757,0,2,0.30699599999999994,0.20125999999999997,1.698305481234557,0.0,
ftw-croatia-016,fields-of-the-world,croatia,6.4576,16.59477871995958,45.97408791403115,296,294,2,0.6756756756756757,0,2,0.30699599999999994,0.20125999999999997,1.698305481234557,0.0,
ftw-croatia-017,fields-of-the-world,croatia,7.2985,16.597202501136227,45.97536877369968,296,294,2,0.6756756756756757,0,2,0.30699599999999994,0.20125999999999997,1.698305481234557,0.0,
ftw-denmark-000,fields-of-the-world,denmark,2.6285,10.244852914510021,57.30579664386415,308,302,6,1.948051948051948,0,6,30.62683400000001,9.990526000000001,1.6553925638059481,0.0,
ftw-denmark-001,fields-of-the-world,denmark,3.2028,10.238652731999998,57.231832283999964,307,302,5,1.6286644951140066,0,5,30.62683400000001,9.259305800000002,1.6553925638059481,0.0,
ftw-denmark-002,fields-of-the-world,denmark,3.8286,10.237046154370788,57.23086754062921,307,302,5,1.6286644951140066,0,5,30.62683400000001,9.259305800000002,1.6553925638059481,0.0,
ftw-denmark-003,fields-of-the-world,denmark,8.0797,10.23479477890435,57.301700852047865,308,302,6,1.948051948051948,0,6,30.62683400000001,9.990526000000001,1.6553925638059481,0.0,
ftw-estonia-000,fields-of-the-world,estonia,0.4838,25.18457054906896,58.90618603849697,283,281,2,0.7067137809187279,0,2,6.885678000000002,4.101732499999999,1.3331253984048712,0.0,
ftw-estonia-001,fields-of-the-world,estonia,1.2966,25.17927142102864,58.83123244127239,283,281,2,0.7067137809187279,0,2,6.885678000000002,4.101732499999999,1.3331253984048712,0.0,
ftw-estonia-002,fields-of-the-world,estonia,3.7366,24.73932164895809,58.92752552513176,283,281,2,0.7067137809187279,0,2,6.885678000000002,4.101732499999999,1.3331253984048712,0.0,
ftw-estonia-003,fields-of-the-world,estonia,4.0739,24.740797874470008,58.92877818333221,283,281,2,0.7067137809187279,0,2,6.885678000000002,4.101732499999999,1.3331253984048712,0.0,
ftw-estonia-004,fields-of-the-world,estonia,5.4138,24.741088959221162,58.92155608677955,283,281,2,0.7067137809187279,0,2,6.885678000000002,4.101732499999999,1.3331253984048712,0.0,
ftw-estonia-005,fields-of-the-world,estonia,6.4416,25.38803679058467,58.80962699491056,566,562,4,0.7067137809187279,0,4,6.885678000000002,3.3512214999999985,1.3331253984048712,0.0,
ftw-estonia-006,fields-of-the-world,estonia,7.5552,24.79185686189272,58.8766132319169,284,283,1,0.352112676056338,0,1,1.3177869999999956,1.3177869999999956,1.0134660782790097,0.0,
ftw-estonia-007,fields-of-the-world,estonia,7.7771,25.1799832965329,58.90759557052138,283,281,2,0.7067137809187279,0,2,6.885678000000002,4.101732499999999,1.3331253984048712,0.0,
ftw-estonia-008,fields-of-the-world,estonia,10.1712,25.01622821852456,58.789281556490934,286,285,1,0.34965034965034963,0,1,1.3177869999999956,1.3177869999999956,1.0134660782790097,0.0,
ftw-estonia-009,fields-of-the-world,estonia,10.7747,25.391143893740576,58.81578103025616,566,562,4,0.7067137809187279,0,4,6.885678000000002,3.3512214999999985,1.3331253984048712,0.0,
ftw-estonia-010,fields-of-the-world,estonia,12.5605,25.18324717673705,58.908541061445284,283,281,2,0.7067137809187279,0,2,6.885678000000002,4.101732499999999,1.3331253984048712,0.0,
ftw-estonia-011,fields-of-the-world,estonia,13.2323,25.56762167047423,58.767506249320476,283,281,2,0.7067137809187279,0,2,3.2048049999999932,2.600710499999998,1.0564068816183125,0.0,
ftw-estonia-012,fields-of-the-world,estonia,20.922,25.567351753673588,58.851024185329436,283,281,2,0.7067137809187279,0,2,3.2048049999999932,2.600710499999998,1.0564068816183125,0.0,
ftw-finland-000,fields-of-the-world,finland,0.2402,23.24416101921582,61.21255317790818,266,264,2,0.7518796992481203,0,2,7.880186999999999,3.9517909999999965,1.3053097293702693,0.0,
ftw-finland-001,fields-of-the-world,finland,0.2783,23.24095818143478,61.21162885579796,266,264,2,0.7518796992481203,0,2,7.880186999999999,3.9517909999999965,1.3053097293702693,0.0,
ftw-finland-002,fields-of-the-world,finland,0.417,22.88163567690001,61.24966600252501,1579,1567,12,0.759974667511083,0,12,7.880186999999999,1.4634778333333323,2.3476986321140116,0.0,
ftw-finland-003,fields-of-the-world,finland,0.6205,23.24249503899441,61.211013645036395,266,264,2,0.7518796992481203,0,2,7.880186999999999,3.9517909999999965,1.3053097293702693,0.0,
ftw-finland-004,fields-of-the-world,finland,0.6933,23.23622050125937,61.20225970667674,266,264,2,0.7518796992481203,0,2,7.880186999999999,3.9517909999999965,1.3053097293702693,0.0,
ftw-finland-005,fields-of-the-world,finland,0.8745,23.238403923913033,61.21294831337339,266,264,2,0.7518796992481203,0,2,7.880186999999999,3.9517909999999965,1.3053097293702693,0.0,
ftw-finland-006,fields-of-the-world,finland,1.0027,23.236942497734486,61.20357875883774,266,264,2,0.7518796992481203,0,2,7.880186999999999,3.9517909999999965,1.3053097293702693,0.0,
ftw-finland-007,fields-of-the-world,finland,1.0944,23.242225209995247,61.20314857835879,266,264,2,0.7518796992481203,0,2,7.880186999999999,3.9517909999999965,1.3053097293702693,0.0,
ftw-finland-008,fields-of-the-world,finland,1.5572,23.24561192449612,61.21325119232298,266,264,2,0.7518796992481203,0,2,7.880186999999999,3.9517909999999965,1.3053097293702693,0.0,
ftw-finland-009,fields-of-the-world,finland,2.0079,22.855315900547854,61.21982459363858,395,392,3,0.759493670886076,0,3,7.252549999999999,2.4189296666666658,1.250625955823441,0.0,
ftw-finland-010,fields-of-the-world,finland,2.697,22.826876117032143,61.12236481674481,269,267,2,0.7434944237918215,0,2,7.252549999999999,3.6283765000000017,1.250625955823441,0.0,
ftw-finland-011,fields-of-the-world,finland,2.8712,22.8926010057606,61.281563128759416,1576,1564,12,0.7614213197969543,0,12,7.880186999999999,1.4634778333333323,2.3476986321140116,0.0,
ftw-finland-012,fields-of-the-world,finland,3.1012,23.266790869469798,61.30741483981211,798,792,6,0.7518796992481203,0,6,7.880186999999999,1.4529908333333328,1.9305998731285268,0.0,
ftw-finland-013,fields-of-the-world,finland,3.3849,22.827722083064515,61.12491993224857,270,268,2,0.7407407407407407,0,2,7.252549999999999,3.6283765000000017,1.250625955823441,0.0,
ftw-finland-014,fields-of-the-world,finland,3.7311,22.831148193546202,61.128463306432096,270,268,2,0.7407407407407407,0,2,7.252549999999999,3.6283765000000017,1.250625955823441,0.0,
ftw-finland-015,fields-of-the-world,finland,3.7894,22.849813164096965,61.219365420619674,396,393,3,0.7575757575757576,0,3,7.252549999999999,2.4189296666666658,1.250625955823441,0.0,
ftw-finland-016,fields-of-the-world,finland,4.3772,22.885535451262015,61.24986864860704,1579,1567,12,0.759974667511083,0,12,7.880186999999999,1.4634778333333323,2.3476986321140116,0.0,
ftw-finland-017,fields-of-the-world,finland,9.3785,22.827001573207347,61.12948212794412,276,274,2,0.7246376811594203,0,2,7.252549999999999,3.6283765000000017,1.250625955823441,0.0,
ftw-france-000,fields-of-the-world,france,0.2932,-0.10867102464705918,46.999004026764695,151,151,0,0.0,0,0,,,,,
ftw-france-001,fields-of-the-world,france,0.3724,0.11233847127814588,46.94415298420532,151,151,0,0.0,0,0,,,,,
ftw-france-002,fields-of-the-world,france,0.4215,-0.059998201421055955,46.970144747842106,151,151,0,0.0,0,0,,,,,
ftw-france-003,fields-of-the-world,france,0.5005,-0.05452304493103314,46.966194679344824,151,151,0,0.0,0,0,,,,,
ftw-france-004,fields-of-the-world,france,0.6677,-0.11590962778228575,46.997395939959375,151,151,0,0.0,0,0,,,,,
ftw-france-005,fields-of-the-world,france,0.8654,-0.05520892300000308,46.965194661,151,151,0,0.0,0,0,,,,,
ftw-france-006,fields-of-the-world,france,1.0133,0.39105899350855683,46.701610537488996,606,602,4,0.6600660066006601,0,4,52.09571999999999,21.427924750000003,2.206161374729445,6479.0,
ftw-france-007,fields-of-the-world,france,1.2492,-0.11294849838461436,46.999144802076934,151,151,0,0.0,0,0,,,,,
ftw-france-008,fields-of-the-world,france,1.5301,-0.07085156248314595,46.81707337218442,151,151,0,0.0,0,0,,,,,
ftw-france-009,fields-of-the-world,france,2.0472,0.11176886684819265,46.941667223053045,151,151,0,0.0,0,0,,,,,
ftw-france-010,fields-of-the-world,france,2.6103,0.20495359500000082,46.67250811299999,302,301,1,0.33112582781456956,0,1,15.930709,15.930709,1.5102878811669613,7154.0,
ftw-france-011,fields-of-the-world,france,3.4816,-0.11150642050318435,46.9968073288089,151,151,0,0.0,0,0,,,,,
ftw-france-012,fields-of-the-world,france,5.0437,0.20789321132432423,46.68177196483786,302,301,1,0.33112582781456956,0,1,15.930709,15.930709,1.5102878811669613,7154.0,
ftw-france-013,fields-of-the-world,france,5.5823,0.11288997162660148,46.93639136001103,151,151,0,0.0,0,0,,,,,
ftw-france-014,fields-of-the-world,france,8.6713,0.38810238667200136,46.70237481109201,606,602,4,0.6600660066006601,0,4,52.09571999999999,21.427924750000003,2.206161374729445,6479.0,
ftw-france-015,fields-of-the-world,france,24.6447,0.09772811686226174,46.7359451764421,151,151,0,0.0,0,0,,,,,
ftw-france-016,fields-of-the-world,france,27.0132,0.21910651233573103,46.78543837817183,303,301,2,0.6600660066006601,0,2,15.930709,14.529119500000004,1.5102878811669613,7142.0,
ftw-france-017,fields-of-the-world,france,53.1377,0.09464250545750061,46.7297281598861,151,151,0,0.0,0,0,,,,,
ftw-germany-000,fields-of-the-world,germany,0.2081,13.73755506281053,52.679294783905256,302,296,6,1.9867549668874172,0,5,8.274180000000001,3.005230000000001,61.39999999999999,0.0,
ftw-germany-001,fields-of-the-world,germany,0.2519,13.741579129539137,52.67796745515653,302,296,6,1.9867549668874172,0,5,8.274180000000001,3.005230000000001,61.39999999999999,0.0,
ftw-germany-002,fields-of-the-world,germany,0.2862,13.678567812,52.835295416647064,303,296,7,2.31023102310231,0,6,41.701687,8.155276166666667,61.39999999999999,0.0,
ftw-germany-003,fields-of-the-world,germany,0.6002,13.738027558729925,52.67742006534304,302,296,6,1.9867549668874172,0,5,8.274180000000001,3.005230000000001,61.39999999999999,0.0,
ftw-germany-004,fields-of-the-world,germany,0.6155,13.742346201213525,52.67779519493594,302,296,6,1.9867549668874172,0,5,8.274180000000001,3.005230000000001,61.39999999999999,0.0,
ftw-germany-005,fields-of-the-world,germany,0.6243,13.737927561252626,52.67704405121054,302,296,6,1.9867549668874172,0,5,8.274180000000001,3.005230000000001,61.39999999999999,0.0,
ftw-germany-006,fields-of-the-world,germany,1.1405,13.680051952106462,52.834375437055016,303,296,7,2.31023102310231,0,6,41.701687,8.155276166666667,61.39999999999999,0.0,
ftw-germany-007,fields-of-the-world,germany,1.2641,13.682178257603772,52.83314137816979,303,296,7,2.31023102310231,0,6,41.701687,8.155276166666667,61.39999999999999,0.0,
ftw-germany-008,fields-of-the-world,germany,1.599,13.740857294547943,52.67692824366575,302,296,6,1.9867549668874172,0,5,8.274180000000001,3.005230000000001,61.39999999999999,0.0,
ftw-germany-009,fields-of-the-world,germany,2.1902,13.734204608124,52.68045209427,302,296,6,1.9867549668874172,0,5,8.274180000000001,3.005230000000001,61.39999999999999,0.0,
ftw-germany-010,fields-of-the-world,germany,2.32,13.683545615927112,52.83446760224399,303,296,7,2.31023102310231,0,6,41.701687,8.155276166666667,61.39999999999999,0.0,
ftw-germany-011,fields-of-the-world,germany,3.1164,13.695344783801142,52.76503846760482,303,296,7,2.31023102310231,0,6,41.701687,8.155276166666667,61.39999999999999,0.0,
ftw-germany-012,fields-of-the-world,germany,4.4753,13.735724791334805,52.67322193613652,302,296,6,1.9867549668874172,0,5,8.274180000000001,3.005230000000001,61.39999999999999,0.0,
ftw-germany-013,fields-of-the-world,germany,5.1544,13.736969156237572,52.672948230580104,302,296,6,1.9867549668874172,0,5,8.274180000000001,3.005230000000001,61.39999999999999,0.0,
ftw-germany-014,fields-of-the-world,germany,5.7528,13.699184847626217,52.76451780259913,303,296,7,2.31023102310231,0,6,41.701687,8.155276166666667,61.39999999999999,0.0,
ftw-germany-015,fields-of-the-world,germany,8.3049,13.946656584368224,52.72885940700259,303,296,7,2.31023102310231,0,6,41.701687,8.155276166666667,61.39999999999999,0.0,
ftw-germany-016,fields-of-the-world,germany,11.6179,14.209317594362858,52.50288247463206,306,300,6,1.9607843137254901,0,5,8.274180000000001,3.005230000000001,61.39999999999999,0.0,
ftw-germany-017,fields-of-the-world,germany,16.4969,14.206671755736066,52.50502314802344,305,299,6,1.9672131147540983,0,5,8.274180000000001,3.005230000000001,61.39999999999999,0.0,
ftw-india-000,fields-of-the-world,india,0.2054,79.61298228286762,10.574932014705881,146,145,1,0.684931506849315,0,1,30.022323,30.022323,1.5783777178518825,6807.0,
ftw-india-001,fields-of-the-world,india,0.2647,74.69592453852938,16.143030187598036,151,148,3,1.9867549668874172,0,3,0.015895000000000437,0.005364666666666813,3.139784946236559,0.0,
ftw-india-002,fields-of-the-world,india,0.3556,76.05392417728017,14.08470218704366,150,149,1,0.6666666666666666,0,1,0.29530499999999904,0.29530499999999904,1.0030098198065762,6680.0,
ftw-india-003,fields-of-the-world,india,0.5865,76.05265112886617,14.08279917897794,150,149,1,0.6666666666666666,0,1,0.29530499999999904,0.29530499999999904,1.0030098198065762,6680.0,
ftw-india-004,fields-of-the-world,india,0.6059,77.72085396815598,20.66710677562404,151,149,2,1.3245033112582782,0,2,7.275380999999999,6.872444999999999,1.9295963406471917,7038.0,
ftw-india-005,fields-of-the-world,india,0.6285,77.72164307515921,20.6672355093149,151,149,2,1.3245033112582782,0,2,7.275380999999999,6.872444999999999,1.9295963406471917,7038.0,
ftw-india-006,fields-of-the-world,india,0.843,76.11977715447367,14.973643437074301,149,149,0,0.0,0,0,,,,,
ftw-india-007,fields-of-the-world,india,1.0961,76.05414142925066,14.08253324443734,150,149,1,0.6666666666666666,0,1,0.29530499999999904,0.29530499999999904,1.0030098198065762,6680.0,
ftw-india-008,fields-of-the-world,india,1.1507,77.00739555370589,20.79869988758823,302,298,4,1.3245033112582782,0,4,7.712483000000001,2.8253832500000002,35.287898089171975,6559.0,
ftw-india-009,fields-of-the-world,india,1.2217,77.00756796544466,20.80005972999082,302,298,4,1.3245033112582782,0,4,7.712483000000001,2.8253832500000002,35.287898089171975,6559.0,
ftw-india-010,fields-of-the-world,india,1.2941,76.05232173966188,14.083262004843354,150,149,1,0.6666666666666666,0,1,0.29530499999999904,0.29530499999999904,1.0030098198065762,6680.0,
ftw-india-011,fields-of-the-world,india,1.3022,78.08763150781942,21.118939287481837,150,149,1,0.6666666666666666,0,1,15.437471999999996,15.437471999999996,1.5220350595154861,6633.0,
ftw-india-012,fields-of-the-world,india,1.3532,76.11890437067018,14.973518048399225,149,149,0,0.0,0,0,,,,,
ftw-india-013,fields-of-the-world,india,1.5056,77.00500960641175,20.798923608461102,302,298,4,1.3245033112582782,0,4,7.712483000000001,2.8253832500000002,35.287898089171975,6559.0,
ftw-india-014,fields-of-the-world,india,1.5947,76.05437723656594,14.08413119094726,150,149,1,0.6666666666666666,0,1,0.29530499999999904,0.29530499999999904,1.0030098198065762,6680.0,
ftw-india-015,fields-of-the-world,india,1.6588,77.00457091354052,20.801286097006358,302,298,4,1.3245033112582782,0,4,7.712483000000001,2.8253832500000002,35.287898089171975,6559.0,
ftw-india-016,fields-of-the-world,india,1.9343,77.72122761859622,20.668471428090633,151,149,2,1.3245033112582782,0,2,7.275380999999999,6.872444999999999,1.9295963406471917,7038.0,
ftw-india-017,fields-of-the-world,india,1.9352,77.00443425964862,20.80210319400477,302,298,4,1.3245033112582782,0,4,7.712483000000001,2.8253832500000002,35.287898089171975,6559.0,
ftw-kenya-000,fields-of-the-world,kenya,0.2509,37.28981817430435,-0.5877998597058821,292,290,2,0.684931506849315,0,2,0.00014900000000750424,0.00010700000000696264,1.000001944571186,0.0,
ftw-kenya-001,fields-of-the-world,kenya,0.2582,37.293533192408454,-0.588736022771334,146,145,1,0.684931506849315,0,1,0.00014900000000750424,0.00014900000000750424,1.000001944571186,0.0,
ftw-kenya-002,fields-of-the-world,kenya,0.2654,36.479711493043496,-0.3763349315753421,294,292,2,0.6802721088435374,0,2,0.00013700000000937962,0.00010100000000790033,1.0000014264814623,0.0,
ftw-kenya-003,fields-of-the-world,kenya,0.3891,36.47265884219077,-0.38214670886915886,294,292,2,0.6802721088435374,0,2,0.00013700000000937962,0.00010100000000790033,1.0000014264814623,0.0,
ftw-kenya-004,fields-of-the-world,kenya,0.4654,37.292671462921874,-0.5969745730477941,146,145,1,0.684931506849315,0,1,0.00014900000000750424,0.00014900000000750424,1.000001944571186,0.0,
ftw-lithuania-000,fields-of-the-world,lithuania,0.2095,22.93947603472278,54.961563002881206,602,600,2,0.33222591362126247,0,2,11.910715999999997,8.464027999999994,1.431476643845303,0.0,
ftw-lithuania-001,fields-of-the-world,lithuania,0.2723,23.262592032068703,54.88038986200765,301,300,1,0.33222591362126247,0,1,11.910715999999997,11.910715999999997,1.431476643845303,0.0,
ftw-lithuania-002,fields-of-the-world,lithuania,0.32,23.259015117000004,54.886104702,301,300,1,0.33222591362126247,0,1,11.910715999999997,11.910715999999997,1.431476643845303,0.0,
ftw-lithuania-003,fields-of-the-world,lithuania,0.5067,22.922834403857138,55.07341795465712,299,297,2,0.6688963210702341,0,2,5.01733999999999,2.508675999999994,1.0679867754966734,0.0,
ftw-lithuania-004,fields-of-the-world,lithuania,0.6132,23.25913328382711,54.876094490166075,301,300,1,0.33222591362126247,0,1,11.910715999999997,11.910715999999997,1.431476643845303,0.0,
ftw-lithuania-005,fields-of-the-world,lithuania,0.7274,23.256087117119996,54.88055073071999,301,300,1,0.33222591362126247,0,1,11.910715999999997,11.910715999999997,1.431476643845303,0.0,
ftw-lithuania-006,fields-of-the-world,lithuania,1.0247,23.263196169194707,54.87518147876469,301,300,1,0.33222591362126247,0,1,11.910715999999997,11.910715999999997,1.431476643845303,0.0,
ftw-lithuania-007,fields-of-the-world,lithuania,1.3602,23.167088067410965,55.03619643439727,299,297,2,0.6688963210702341,0,2,5.01733999999999,2.508675999999994,1.0679867754966734,0.0,
ftw-lithuania-008,fields-of-the-world,lithuania,1.6215,22.925472570000004,55.074215196,299,297,2,0.6688963210702341,0,2,5.01733999999999,2.508675999999994,1.0679867754966734,0.0,
ftw-lithuania-009,fields-of-the-world,lithuania,2.0804,22.940413596798603,54.9612639917318,602,600,2,0.33222591362126247,0,2,11.910715999999997,8.464027999999994,1.431476643845303,0.0,
ftw-lithuania-010,fields-of-the-world,lithuania,2.2629,22.92573167345156,55.071374989343695,298,297,1,0.33557046979865773,0,1,5.01733999999999,5.01733999999999,1.0679867754966734,0.0,
ftw-lithuania-011,fields-of-the-world,lithuania,3.2563,22.94099839368916,54.962969562137566,602,600,2,0.33222591362126247,0,2,11.910715999999997,8.464027999999994,1.431476643845303,0.0,
ftw-lithuania-012,fields-of-the-world,lithuania,5.6255,23.66942716577321,55.01720571991234,196,196,0,0.0,0,0,,,,,
ftw-lithuania-013,fields-of-the-world,lithuania,6.1722,23.673661972363096,55.01764360374161,254,254,0,0.0,0,0,,,,,
ftw-lithuania-014,fields-of-the-world,lithuania,6.3015,23.28912072486343,55.06473936653776,299,297,2,0.6688963210702341,0,2,5.01733999999999,2.508675999999994,1.0679867754966734,0.0,
ftw-lithuania-015,fields-of-the-world,lithuania,10.7291,23.08220079260711,54.99374315880685,600,598,2,0.3333333333333333,0,2,11.910715999999997,8.464027999999994,1.431476643845303,0.0,
ftw-lithuania-016,fields-of-the-world,lithuania,11.6293,23.672784970384857,55.01995261879765,200,200,0,0.0,0,0,,,,,
ftw-lithuania-017,fields-of-the-world,lithuania,23.4243,22.931098865907018,55.07280175668791,299,297,2,0.6688963210702341,0,2,5.01733999999999,2.508675999999994,1.0679867754966734,0.0,
ftw-luxembourg-000,fields-of-the-world,luxembourg,0.2201,6.23628244062353,49.80089140342104,304,300,4,1.3157894736842106,0,4,0.00010699999999985721,2.9749999999495458e-05,1.0000010700011448,0.0,
ftw-luxembourg-001,fields-of-the-world,luxembourg,0.3139,5.939492158599999,49.9359106246,152,150,2,1.3157894736842106,0,2,0.00010699999999985721,5.3499999999928605e-05,1.0000010700011448,0.0,
ftw-luxembourg-002,fields-of-the-world,luxembourg,0.438,6.265639603627653,49.844465010765944,304,300,4,1.3157894736842106,0,4,0.00010699999999985721,2.9749999999495458e-05,1.0000010700011448,0.0,
ftw-luxembourg-003,fields-of-the-world,luxembourg,0.5023,5.940997562500001,49.931903771750015,152,150,2,1.3157894736842106,0,2,0.00010699999999985721,5.3499999999928605e-05,1.0000010700011448,0.0,
ftw-luxembourg-004,fields-of-the-world,luxembourg,0.6712,5.983767726227764,49.67330308078543,151,150,1,0.6622516556291391,0,1,0.0,0.0,1.0,0.0,
ftw-luxembourg-005,fields-of-the-world,luxembourg,0.8141,6.115791846937502,49.878532904735295,152,150,2,1.3157894736842106,0,2,0.00010699999999985721,5.3499999999928605e-05,1.0000010700011448,0.0,
ftw-luxembourg-006,fields-of-the-world,luxembourg,1.0103,5.979138947932254,49.674962129896564,151,150,1,0.6622516556291391,0,1,0.0,0.0,1.0,0.0,
ftw-luxembourg-007,fields-of-the-world,luxembourg,1.2578,6.2430546706314605,49.80209449132046,304,300,4,1.3157894736842106,0,4,0.00010699999999985721,2.9749999999495458e-05,1.0000010700011448,0.0,
ftw-luxembourg-008,fields-of-the-world,luxembourg,1.4503,6.236240482375678,49.79741973596162,304,300,4,1.3157894736842106,0,4,0.00010699999999985721,2.9749999999495458e-05,1.0000010700011448,0.0,
ftw-luxembourg-009,fields-of-the-world,luxembourg,2.0052,6.112551791366781,49.87780577119868,152,150,2,1.3157894736842106,0,2,0.00010699999999985721,5.3499999999928605e-05,1.0000010700011448,0.0,
ftw-luxembourg-010,fields-of-the-world,luxembourg,2.0059,6.2352404034583655,49.80512407078062,304,300,4,1.3157894736842106,0,4,0.00010699999999985721,2.9749999999495458e-05,1.0000010700011448,0.0,
ftw-luxembourg-011,fields-of-the-world,luxembourg,2.2681,6.23685509956973,49.79650923131459,304,300,4,1.3157894736842106,0,4,0.00010699999999985721,2.9749999999495458e-05,1.0000010700011448,0.0,
ftw-luxembourg-012,fields-of-the-world,luxembourg,3.3516,5.976786346532587,49.67324232348645,151,150,1,0.6622516556291391,0,1,0.0,0.0,1.0,0.0,
ftw-luxembourg-013,fields-of-the-world,luxembourg,5.5253,6.239523670180018,49.79775181135472,304,300,4,1.3157894736842106,0,4,0.00010699999999985721,2.9749999999495458e-05,1.0000010700011448,0.0,
ftw-luxembourg-014,fields-of-the-world,luxembourg,7.2724,6.2404669567275155,49.7955212303768,304,300,4,1.3157894736842106,0,4,0.00010699999999985721,2.9749999999495458e-05,1.0000010700011448,0.0,
ftw-luxembourg-015,fields-of-the-world,luxembourg,8.4453,6.119560808071033,49.560978310906215,302,300,2,0.6622516556291391,0,2,0.0,0.0,1.0,0.0,
ftw-luxembourg-016,fields-of-the-world,luxembourg,8.9723,6.244252588365193,49.798896900657596,304,300,4,1.3157894736842106,0,4,0.00010699999999985721,2.9749999999495458e-05,1.0000010700011448,0.0,
ftw-luxembourg-017,fields-of-the-world,luxembourg,12.8412,6.118027002607776,49.885698134780206,152,150,2,1.3157894736842106,0,2,0.00010699999999985721,5.3499999999928605e-05,1.0000010700011448,0.0,
ftw-netherlands-000,fields-of-the-world,netherlands,0.2292,5.281801855427188,51.986669171330085,301,300,1,0.33222591362126247,0,1,0.0,0.0,1.0,0.0,
ftw-netherlands-001,fields-of-the-world,netherlands,0.3378,5.475249521463577,51.73810761987418,302,300,2,0.6622516556291391,0,2,0.004035000000001787,0.0020175000000008936,1.0000403522439882,0.0,
ftw-netherlands-002,fields-of-the-world,netherlands,0.4622,5.580835390565217,51.82705158065214,301,300,1,0.33222591362126247,0,1,0.0,0.0,1.0,0.0,
ftw-netherlands-003,fields-of-the-world,netherlands,0.5437,5.480365891,51.73600888011112,302,300,2,0.6622516556291391,0,2,0.004035000000001787,0.0020175000000008936,1.0000403522439882,0.0,
ftw-netherlands-004,fields-of-the-world,netherlands,0.8099,5.4756785121712745,51.738057763657444,302,300,2,0.6622516556291391,0,2,0.004035000000001787,0.0020175000000008936,1.0000403522439882,0.0,
ftw-netherlands-005,fields-of-the-world,netherlands,0.8856,5.805269775090679,51.86987290371538,301,300,1,0.33222591362126247,0,1,0.0,0.0,1.0,0.0,
ftw-netherlands-006,fields-of-the-world,netherlands,1.0159,5.471460337955944,51.7295490165198,302,300,2,0.6622516556291391,0,2,0.004035000000001787,0.0020175000000008936,1.0000403522439882,0.0,
ftw-netherlands-007,fields-of-the-world,netherlands,1.3835,5.691689264130436,51.92706497239129,301,300,1,0.33222591362126247,0,1,0.0,0.0,1.0,0.0,
ftw-netherlands-008,fields-of-the-world,netherlands,1.6842,5.701852299000003,51.92724301050003,301,300,1,0.33222591362126247,0,1,0.0,0.0,1.0,0.0,
ftw-netherlands-009,fields-of-the-world,netherlands,2.1121,5.291617660124608,51.95893338872763,301,300,1,0.33222591362126247,0,1,0.0,0.0,1.0,0.0,
ftw-netherlands-010,fields-of-the-world,netherlands,2.8095,5.407384011511559,51.708634375804806,302,300,2,0.6622516556291391,0,2,0.004035000000001787,0.0020175000000008936,1.0000403522439882,0.0,
ftw-netherlands-011,fields-of-the-world,netherlands,3.2594,5.410524858749998,51.70947864637493,302,300,2,0.6622516556291391,0,2,0.004035000000001787,0.0020175000000008936,1.0000403522439882,0.0,
ftw-netherlands-012,fields-of-the-world,netherlands,5.7877,5.408133734872342,51.701938759263804,302,300,2,0.6622516556291391,0,2,0.004035000000001787,0.0020175000000008936,1.0000403522439882,0.0,
ftw-netherlands-013,fields-of-the-world,netherlands,6.0584,5.518474191318583,51.80329701671014,301,300,1,0.33222591362126247,0,1,0.0,0.0,1.0,0.0,
ftw-netherlands-014,fields-of-the-world,netherlands,6.1033,5.520065707818454,51.8015428853324,301,300,1,0.33222591362126247,0,1,0.0,0.0,1.0,0.0,
ftw-netherlands-015,fields-of-the-world,netherlands,6.2192,5.514094749956895,51.80375397826936,301,300,1,0.33222591362126247,0,1,0.0,0.0,1.0,0.0,
ftw-netherlands-016,fields-of-the-world,netherlands,6.6462,5.515152867762356,51.80151562367299,301,300,1,0.33222591362126247,0,1,0.0,0.0,1.0,0.0,
ftw-netherlands-017,fields-of-the-world,netherlands,6.8408,5.701084993315859,51.932098586652224,301,300,1,0.33222591362126247,0,1,0.0,0.0,1.0,0.0,
ftw-rwanda-000,fields-of-the-world,rwanda,0.2072,30.33625842615789,-1.5271181405356034,298,294,4,1.342281879194631,0,4,3.4490420000000004,1.9472217500000006,75.22115384615385,6678.0,
ftw-rwanda-001,fields-of-the-world,rwanda,0.2854,30.31496136899999,-1.5007584582941178,298,294,4,1.342281879194631,0,4,3.4490420000000004,1.9472217500000006,75.22115384615385,6678.0,
ftw-rwanda-002,fields-of-the-world,rwanda,0.3998,30.312262889999996,-1.527297218505882,298,294,4,1.342281879194631,0,4,3.4490420000000004,1.9472217500000006,75.22115384615385,6678.0,
ftw-rwanda-003,fields-of-the-world,rwanda,0.5232,30.364977298764707,-1.5246482246470592,298,294,4,1.342281879194631,0,4,3.4490420000000004,1.9472217500000006,75.22115384615385,6678.0,
ftw-rwanda-004,fields-of-the-world,rwanda,0.6579,30.311174954834254,-1.5332217957279821,298,294,4,1.342281879194631,0,4,3.4490420000000004,1.9472217500000006,75.22115384615385,6678.0,
ftw-rwanda-005,fields-of-the-world,rwanda,0.8065,30.326452987612413,-1.5355685752336825,298,294,4,1.342281879194631,0,4,3.4490420000000004,1.9472217500000006,75.22115384615385,6678.0,
ftw-rwanda-006,fields-of-the-world,rwanda,1.0032,30.297843771847816,-1.5518381241534518,149,147,2,1.342281879194631,0,2,3.4490420000000004,2.878380500000003,2.107316224344865,6678.0,
ftw-rwanda-007,fields-of-the-world,rwanda,1.294,30.31243577721911,-1.5315615027204241,298,294,4,1.342281879194631,0,4,3.4490420000000004,1.9472217500000006,75.22115384615385,6678.0,
ftw-rwanda-008,fields-of-the-world,rwanda,1.6792,30.326685928238387,-1.5407149420201245,298,294,4,1.342281879194631,0,4,3.4490420000000004,1.9472217500000006,75.22115384615385,6678.0,
ftw-rwanda-009,fields-of-the-world,rwanda,2.0438,30.327691036568204,-1.5376990006756754,298,294,4,1.342281879194631,0,4,3.4490420000000004,1.9472217500000006,75.22115384615385,6678.0,
ftw-rwanda-010,fields-of-the-world,rwanda,2.7434,30.328833125905973,-1.5388315591681796,298,294,4,1.342281879194631,0,4,3.4490420000000004,1.9472217500000006,75.22115384615385,6678.0,
ftw-rwanda-011,fields-of-the-world,rwanda,3.7101,30.344886315217167,-1.4635503245746597,296,294,2,0.6756756756756757,0,2,2.307719000000006,2.166063000000001,1.0281424077276071,6678.0,
ftw-rwanda-012,fields-of-the-world,rwanda,5.082,30.362518801911975,-1.5308589503805103,298,294,4,1.342281879194631,0,4,3.4490420000000004,1.9472217500000006,75.22115384615385,6678.0,
ftw-rwanda-013,fields-of-the-world,rwanda,5.2381,30.418404533519094,-1.4973879652658284,297,294,3,1.0101010101010102,0,3,2.307719000000006,1.4466150000000007,75.22115384615385,6678.0,
ftw-rwanda-014,fields-of-the-world,rwanda,5.9615,30.417835051262205,-1.4815519042571021,296,294,2,0.6756756756756757,0,2,2.307719000000006,2.166063000000001,1.0281424077276071,6678.0,
ftw-rwanda-015,fields-of-the-world,rwanda,7.4386,30.334104957708647,-1.541882738435642,298,294,4,1.342281879194631,0,4,3.4490420000000004,1.9472217500000006,75.22115384615385,6678.0,
ftw-rwanda-016,fields-of-the-world,rwanda,8.525,30.32214475919257,-1.4979305441327435,298,294,4,1.342281879194631,0,4,3.4490420000000004,1.9472217500000006,75.22115384615385,6678.0,
ftw-rwanda-017,fields-of-the-world,rwanda,23.6069,30.34220647106902,-1.4626125436828727,296,294,2,0.6756756756756757,0,2,2.307719000000006,2.166063000000001,1.0281424077276071,6678.0,
ftw-slovakia-000,fields-of-the-world,slovakia,0.2166,22.128969356999995,48.79472786100002,295,293,2,0.6779661016949152,0,2,0.0009770000000060008,0.000786500000003798,1.0000097701863175,0.0,
ftw-slovakia-001,fields-of-the-world,slovakia,0.2618,22.13234166779998,48.79005489539994,295,293,2,0.6779661016949152,0,2,0.0009770000000060008,0.000786500000003798,1.0000097701863175,0.0,
ftw-slovakia-002,fields-of-the-world,slovakia,0.4427,22.13056752358065,48.789825083999986,295,293,2,0.6779661016949152,0,2,0.0009770000000060008,0.000786500000003798,1.0000097701863175,0.0,
ftw-slovakia-003,fields-of-the-world,slovakia,0.6016,21.491600342811022,49.033985654196826,295,293,2,0.6779661016949152,0,2,0.0009770000000060008,0.000786500000003798,1.0000097701863175,0.0,
ftw-slovakia-004,fields-of-the-world,slovakia,0.7164,22.126372983,48.7902447357907,295,293,2,0.6779661016949152,0,2,0.0009770000000060008,0.000786500000003798,1.0000097701863175,0.0,
ftw-slovakia-005,fields-of-the-world,slovakia,1.0948,22.134602503056517,48.790018072447836,295,293,2,0.6779661016949152,0,2,0.0009770000000060008,0.000786500000003798,1.0000097701863175,0.0,
ftw-slovakia-006,fields-of-the-world,slovakia,1.279,21.491907637199986,49.03312253839998,295,293,2,0.6779661016949152,0,2,0.0009770000000060008,0.000786500000003798,1.0000097701863175,0.0,
ftw-slovakia-007,fields-of-the-world,slovakia,1.5256,22.13313229896879,48.79065226761154,295,293,2,0.6779661016949152,0,2,0.0009770000000060008,0.000786500000003798,1.0000097701863175,0.0,
ftw-slovakia-008,fields-of-the-world,slovakia,2.0732,22.1344984951791,48.78554171305971,295,293,2,0.6779661016949152,0,2,0.0009770000000060008,0.000786500000003798,1.0000097701863175,0.0,
ftw-slovakia-009,fields-of-the-world,slovakia,22.5125,21.865244262799866,48.87124941305322,295,293,2,0.6779661016949152,0,2,0.0009770000000060008,0.000786500000003798,1.0000097701863175,0.0,
ftw-slovenia-000,fields-of-the-world,slovenia,0.212,15.583997028600002,46.33801312139998,292,290,2,0.684931506849315,0,2,0.037692,0.018846,2.1991219419081856,194.0,
ftw-slovenia-001,fields-of-the-world,slovenia,0.3057,15.972842959243902,46.52770495543903,291,290,1,0.3436426116838488,0,1,0.037692,0.037692,2.1991219419081856,194.0,
ftw-slovenia-002,fields-of-the-world,slovenia,0.4052,15.961050031306753,46.518168647871164,291,290,1,0.3436426116838488,0,1,0.037692,0.037692,2.1991219419081856,194.0,
ftw-slovenia-003,fields-of-the-world,slovenia,0.5016,15.636840184363331,46.397497655159185,292,290,2,0.684931506849315,0,2,0.037692,0.018846,2.1991219419081856,194.0,
ftw-slovenia-004,fields-of-the-world,slovenia,0.6331,15.432370181574804,46.374106849937014,292,290,2,0.684931506849315,0,2,0.037692,0.018846,2.1991219419081856,194.0,
ftw-slovenia-005,fields-of-the-world,slovenia,0.8089,15.639320454311635,46.40414391682982,292,290,2,0.684931506849315,0,2,0.037692,0.018846,2.1991219419081856,194.0,
ftw-slovenia-006,fields-of-the-world,slovenia,1.0294,15.431819722932195,46.37654618933897,292,290,2,0.684931506849315,0,2,0.037692,0.018846,2.1991219419081856,194.0,
ftw-slovenia-007,fields-of-the-world,slovenia,1.0475,15.63490024450952,46.39850510324027,292,290,2,0.684931506849315,0,2,0.037692,0.018846,2.1991219419081856,194.0,
ftw-slovenia-008,fields-of-the-world,slovenia,1.0894,15.63389026017036,46.39583838107117,292,290,2,0.684931506849315,0,2,0.037692,0.018846,2.1991219419081856,194.0,
ftw-slovenia-009,fields-of-the-world,slovenia,1.5187,15.577157946103442,46.348264617827596,292,290,2,0.684931506849315,0,2,0.037692,0.018846,2.1991219419081856,194.0,
ftw-slovenia-010,fields-of-the-world,slovenia,2.0831,15.970788905670641,46.5224701731766,291,290,1,0.3436426116838488,0,1,0.037692,0.037692,2.1991219419081856,194.0,
ftw-slovenia-011,fields-of-the-world,slovenia,2.1833,15.636863826049288,46.403940697581895,292,290,2,0.684931506849315,0,2,0.037692,0.018846,2.1991219419081856,194.0,
ftw-slovenia-012,fields-of-the-world,slovenia,2.2031,15.636704983058817,46.40256154147063,292,290,2,0.684931506849315,0,2,0.037692,0.018846,2.1991219419081856,194.0,
ftw-slovenia-013,fields-of-the-world,slovenia,2.2991,15.636309988008994,46.39933927348442,292,290,2,0.684931506849315,0,2,0.037692,0.018846,2.1991219419081856,194.0,
ftw-slovenia-014,fields-of-the-world,slovenia,2.7884,15.640500845156858,46.40055903551854,292,290,2,0.684931506849315,0,2,0.037692,0.018846,2.1991219419081856,194.0,
ftw-slovenia-015,fields-of-the-world,slovenia,4.6132,15.63664994412906,46.39598761326688,292,290,2,0.684931506849315,0,2,0.037692,0.018846,2.1991219419081856,194.0,
ftw-slovenia-016,fields-of-the-world,slovenia,4.7432,15.636484368673937,46.4002267737333,292,290,2,0.684931506849315,0,2,0.037692,0.018846,2.1991219419081856,194.0,
ftw-slovenia-017,fields-of-the-world,slovenia,5.6652,15.636610141112739,46.401463384011016,292,290,2,0.684931506849315,0,2,0.037692,0.018846,2.1991219419081856,194.0,
ftw-spain-000,fields-of-the-world,spain,0.201,-2.217115137078948,42.524584749705895,152,151,1,0.6578947368421053,0,1,0.0,0.0,1.0,0.0,
ftw-spain-001,fields-of-the-world,spain,0.2934,-2.117051131744038,42.57805992981078,152,151,1,0.6578947368421053,0,1,0.0,0.0,1.0,0.0,
ftw-spain-002,fields-of-the-world,spain,0.3943,-1.6929062892945135,42.09008254339164,302,302,0,0.0,0,0,,,,,
ftw-spain-003,fields-of-the-world,spain,0.5038,-1.7758023523202615,42.03784513499999,302,302,0,0.0,0,0,,,,,
ftw-spain-004,fields-of-the-world,spain,0.6237,-2.1173342309760717,42.57738909152543,152,151,1,0.6578947368421053,0,1,0.0,0.0,1.0,0.0,
ftw-spain-005,fields-of-the-world,spain,0.7665,-2.1187244484085204,42.57284702015172,152,151,1,0.6578947368421053,0,1,0.0,0.0,1.0,0.0,
ftw-spain-006,fields-of-the-world,spain,1.0129,-1.7807581909764696,42.038064031121046,302,302,0,0.0,0,0,,,,,
ftw-spain-007,fields-of-the-world,spain,1.1692,-2.2142098440000035,42.518890751574396,152,151,1,0.6578947368421053,0,1,0.0,0.0,1.0,0.0,
ftw-spain-008,fields-of-the-world,spain,1.4874,-1.783385407092348,42.03753502335484,302,302,0,0.0,0,0,,,,,
ftw-spain-009,fields-of-the-world,spain,2.0376,-1.806120418464566,42.254215105464546,152,151,1,0.6578947368421053,0,1,31.689149999999998,31.689149999999998,2.501875237977069,6619.0,
ftw-spain-010,fields-of-the-world,spain,2.3209,-1.809242617209677,42.256610605887126,152,151,1,0.6578947368421053,0,1,31.689149999999998,31.689149999999998,2.501875237977069,6619.0,
ftw-spain-011,fields-of-the-world,spain,3.0134,-2.177235737068967,42.47946733003445,152,151,1,0.6578947368421053,0,1,0.0,0.0,1.0,0.0,
ftw-spain-012,fields-of-the-world,spain,5.0139,-1.6978429458988968,42.09302732155704,302,302,0,0.0,0,0,,,,,
ftw-spain-013,fields-of-the-world,spain,5.1862,-1.6947786858403358,42.08974265510423,302,302,0,0.0,0,0,,,,,
ftw-spain-014,fields-of-the-world,spain,5.7038,-1.5467895964647898,42.162717334766235,152,151,1,0.6578947368421053,0,1,3.211233,3.211233,1.3446985802261278,6516.0,
ftw-spain-015,fields-of-the-world,spain,5.9933,-1.6988517650506403,42.08856482270645,302,302,0,0.0,0,0,,,,,
ftw-spain-016,fields-of-the-world,spain,7.1036,-2.175751046336084,42.476780891180745,152,151,1,0.6578947368421053,0,1,0.0,0.0,1.0,0.0,
ftw-spain-017,fields-of-the-world,spain,11.1107,-1.8557029941557797,42.6133963768794,152,151,1,0.6578947368421053,0,1,0.0,0.0,1.0,0.0,
ftw-sweden-000,fields-of-the-world,sweden,0.2857,16.437280343560506,59.755046402006336,419,415,4,0.954653937947494,0,4,43.228065,13.018211,5.949727615392041,0.0,
ftw-sweden-001,fields-of-the-world,sweden,0.4494,16.440272322157895,59.75667004594741,419,415,4,0.954653937947494,0,4,43.228065,13.018211,5.949727615392041,0.0,
ftw-sweden-002,fields-of-the-world,sweden,0.4895,16.440594330011155,59.75519899419705,419,415,4,0.954653937947494,0,4,43.228065,13.018211,5.949727615392041,0.0,
ftw-sweden-003,fields-of-the-world,sweden,0.6259,16.442003356848854,59.75803604119185,419,415,4,0.954653937947494,0,4,43.228065,13.018211,5.949727615392041,0.0,
ftw-sweden-004,fields-of-the-world,sweden,0.7922,16.645205001082193,59.73784372317245,344,341,3,0.872093023255814,0,3,43.228065,14.417777000000001,5.949727615392041,0.0,
ftw-sweden-005,fields-of-the-world,sweden,0.8894,16.823190125545086,59.70140788086886,564,558,6,1.0638297872340425,0,6,43.228065,7.856786166666665,5.949727615392041,0.0,
ftw-sweden-006,fields-of-the-world,sweden,1.0381,17.030136778412988,59.68358962534548,283,279,4,1.4134275618374559,0,4,3.238177999999998,1.4698834999999963,1.1130930290955814,1.0,
ftw-sweden-007,fields-of-the-world,sweden,1.0582,17.03712007015552,59.67837769043834,283,279,4,1.4134275618374559,0,4,3.238177999999998,1.4698834999999963,1.1130930290955814,1.0,
ftw-sweden-008,fields-of-the-world,sweden,1.3714,17.031553215574874,59.68419717365788,283,279,4,1.4134275618374559,0,4,3.238177999999998,1.4698834999999963,1.1130930290955814,1.0,
ftw-sweden-009,fields-of-the-world,sweden,2.3718,16.658103269146785,59.65378942620776,285,281,4,1.4035087719298245,0,4,43.228065,15.318211000000002,5.949727615392041,0.0,
ftw-sweden-010,fields-of-the-world,sweden,2.7917,17.035667616444655,59.68451487505964,283,279,4,1.4134275618374559,0,4,3.238177999999998,1.4698834999999963,1.1130930290955814,1.0,
ftw-sweden-011,fields-of-the-world,sweden,3.3111,16.660287909325298,59.65319198528206,285,281,4,1.4035087719298245,0,4,43.228065,15.318211000000002,5.949727615392041,0.0,
ftw-sweden-012,fields-of-the-world,sweden,5.562,16.823245783901584,59.78144838078943,560,552,8,1.4285714285714286,0,8,43.228065,6.9920681249999985,5.949727615392041,0.0,
ftw-sweden-013,fields-of-the-world,sweden,5.744,17.032463268679003,59.68817533865565,283,279,4,1.4134275618374559,0,4,3.238177999999998,1.4698834999999963,1.1130930290955814,1.0,
ftw-sweden-014,fields-of-the-world,sweden,6.0461,16.82376584915254,59.69867559338527,564,558,6,1.0638297872340425,0,6,43.228065,7.856786166666665,5.949727615392041,0.0,
ftw-sweden-015,fields-of-the-world,sweden,6.2018,16.825192164783644,59.782619521955176,560,552,8,1.4285714285714286,0,8,43.228065,6.9920681249999985,5.949727615392041,0.0,
ftw-sweden-016,fields-of-the-world,sweden,11.1285,16.82962529189118,59.77889984831465,560,552,8,1.4285714285714286,0,8,43.228065,6.9920681249999985,5.949727615392041,0.0,
ftw-sweden-017,fields-of-the-world,sweden,15.9621,16.825149124105263,59.77833718452634,560,552,8,1.4285714285714286,0,8,43.228065,6.9920681249999985,5.949727615392041,0.0,
ftw-vietnam-000,fields-of-the-world,vietnam,0.2005,105.63235016232208,19.872928516118648,296,292,4,1.3513513513513513,0,4,11.174383000000002,3.2296315000000053,1.5531320187913902,0.0,
ftw-vietnam-001,fields-of-the-world,vietnam,0.2594,105.666316821,21.184428915000005,147,146,1,0.6802721088435374,0,1,1.1999999998124622e-05,1.1999999998124622e-05,1.0000001228559903,0.0,
ftw-vietnam-002,fields-of-the-world,vietnam,0.3612,106.09290182144858,20.87740397733645,148,146,2,1.3513513513513513,0,2,30.102645999999993,15.051379499999996,1.430900888323585,0.0,
ftw-vietnam-003,fields-of-the-world,vietnam,0.5014,105.73610415453194,10.171273516659577,152,149,3,1.9736842105263157,0,3,20.062396,13.843291999999998,1.5523050835400698,1.0,
ftw-vietnam-004,fields-of-the-world,vietnam,0.6224,107.1732405744,16.8368234034,150,145,5,3.3333333333333335,0,5,7.747732000000001,1.7161616,1.6153758906797908,214.0,
ftw-vietnam-005,fields-of-the-world,vietnam,0.7745,107.17389475649998,16.836789308624997,150,145,5,3.3333333333333335,0,5,7.747732000000001,1.7161616,1.6153758906797908,214.0,
ftw-vietnam-006,fields-of-the-world,vietnam,1.0005,105.668908527,21.184167640999995,147,146,1,0.6802721088435374,0,1,1.1999999998124622e-05,1.1999999998124622e-05,1.0000001228559903,0.0,
ftw-vietnam-007,fields-of-the-world,vietnam,1.1647,105.71207924716461,10.595626187487806,150,149,1,0.6666666666666666,0,1,12.275179999999999,12.275179999999999,1.4564955689340782,1.0,
ftw-vietnam-008,fields-of-the-world,vietnam,1.4484,105.4988751548919,9.901824416513518,300,292,8,2.6666666666666665,0,8,14.944523999999994,7.063095749999999,1.5015144026191052,1.0,
ftw-vietnam-009,fields-of-the-world,vietnam,2.0241,105.71294900482103,10.602577258957893,150,149,1,0.6666666666666666,0,1,12.275179999999999,12.275179999999999,1.4564955689340782,1.0,
ftw-vietnam-010,fields-of-the-world,vietnam,2.0605,105.50401684102071,9.909861490025907,300,292,8,2.6666666666666665,0,8,14.944523999999994,7.063095749999999,1.5015144026191052,1.0,
ftw-vietnam-011,fields-of-the-world,vietnam,2.2349,105.50667652684389,9.9085713446465,300,292,8,2.6666666666666665,0,8,14.944523999999994,7.063095749999999,1.5015144026191052,1.0,
ftw-vietnam-012,fields-of-the-world,vietnam,2.4698,105.50040962267722,9.91104967302017,300,292,8,2.6666666666666665,0,8,14.944523999999994,7.063095749999999,1.5015144026191052,1.0,
ftw-vietnam-013,fields-of-the-world,vietnam,2.4787,105.70900183109738,10.593358801813759,150,149,1,0.6666666666666666,0,1,12.275179999999999,12.275179999999999,1.4564955689340782,1.0,
ftw-vietnam-014,fields-of-the-world,vietnam,2.6278,105.70969689550543,10.597838050800004,150,149,1,0.6666666666666666,0,1,12.275179999999999,12.275179999999999,1.4564955689340782,1.0,
ftw-vietnam-015,fields-of-the-world,vietnam,2.8897,105.50546268331034,9.911713826793106,300,292,8,2.6666666666666665,0,8,14.944523999999994,7.063095749999999,1.5015144026191052,1.0,
ftw-vietnam-016,fields-of-the-world,vietnam,2.9829,105.70873167855001,10.598279877899996,150,149,1,0.6666666666666666,0,1,12.275179999999999,12.275179999999999,1.4564955689340782,1.0,
ftw-vietnam-017,fields-of-the-world,vietnam,3.3203,105.50700399145661,9.912732446980709,300,292,8,2.6666666666666665,0,8,14.944523999999994,7.063095749999999,1.5015144026191052,1.0,
